epoch,learning_rate,train_loss,valid_pooled_mae,valid_pooled_mse,valid_pooled_pearson,valid_pooled_spearman,valid_per_serum_mae_mean,valid_per_serum_mae_median,valid_within_serum_pearson_mean,valid_within_serum_spearman_mean,valid_serum_bias_mean,valid_serum_bias_abs_mean,valid_loss,test_pooled_mae,test_pooled_mse,test_pooled_pearson,test_pooled_spearman,test_per_serum_mae_mean,test_per_serum_mae_median,test_within_serum_pearson_mean,test_within_serum_spearman_mean,test_serum_bias_mean,test_serum_bias_abs_mean,test_loss
1,0.0001,0.7869,0.0,0.0,0.0,0.0,0.0,0.0,0.0,0.0,0.0,0.0,0.0,0.7993,1.072,0.804,0.8096,1.0679,0.8825,0.5148,0.4648,0.0264,0.7206,0.7965
2,0.0001,0.6104,0.0,0.0,0.0,0.0,0.0,0.0,0.0,0.0,0.0,0.0,0.0,0.8724,1.2359,0.8286,0.8321,1.0943,0.936,0.5105,0.4468,0.5402,0.841,0.8242
3,0.0001,0.5698,0.0,0.0,0.0,0.0,0.0,0.0,0.0,0.0,0.0,0.0,0.0,0.7463,0.9403,0.8353,0.8379,0.9777,0.8311,0.5551,0.4893,0.2582,0.6573,0.6955
4,0.0001,0.5485,0.0,0.0,0.0,0.0,0.0,0.0,0.0,0.0,0.0,0.0,0.0,0.7408,0.9319,0.8362,0.8364,0.9634,0.7936,0.564,0.5066,0.1146,0.6279,0.689
5,0.0001,0.5316,0.0,0.0,0.0,0.0,0.0,0.0,0.0,0.0,0.0,0.0,0.0,0.7314,0.9026,0.8385,0.8413,0.926,0.7614,0.5679,0.4956,-0.0083,0.5949,0.6701
6,0.0001,0.5148,0.0,0.0,0.0,0.0,0.0,0.0,0.0,0.0,0.0,0.0,0.0,0.7082,0.8563,0.8493,0.8512,0.8625,0.7291,0.558,0.4934,0.0768,0.5262,0.6076
7,0.0001,0.5032,0.0,0.0,0.0,0.0,0.0,0.0,0.0,0.0,0.0,0.0,0.0,0.702,0.8401,0.8529,0.8529,0.876,0.74,0.5871,0.5273,0.1709,0.5519,0.6121
8,0.0001,0.4965,0.0,0.0,0.0,0.0,0.0,0.0,0.0,0.0,0.0,0.0,0.0,0.7073,0.8361,0.8512,0.8519,0.8699,0.7275,0.5715,0.5027,0.0378,0.5386,0.6201
9,0.0001,0.4879,0.0,0.0,0.0,0.0,0.0,0.0,0.0,0.0,0.0,0.0,0.0,0.7023,0.8429,0.8552,0.855,0.8614,0.7255,0.6009,0.5329,0.2915,0.548,0.6026
10,0.0001,0.4788,0.0,0.0,0.0,0.0,0.0,0.0,0.0,0.0,0.0,0.0,0.0,0.6931,0.822,0.8595,0.859,0.8532,0.7258,0.5907,0.5304,0.1343,0.5278,0.5886
11,0.0001,0.478,0.0,0.0,0.0,0.0,0.0,0.0,0.0,0.0,0.0,0.0,0.0,0.6899,0.8174,0.855,0.8553,0.8147,0.6979,0.5989,0.5281,0.0815,0.5016,0.5858
12,0.0001,0.4664,0.0,0.0,0.0,0.0,0.0,0.0,0.0,0.0,0.0,0.0,0.0,0.7028,0.8328,0.8607,0.861,0.8646,0.7474,0.5855,0.5207,0.2311,0.5465,0.5981
13,0.0001,0.4632,0.0,0.0,0.0,0.0,0.0,0.0,0.0,0.0,0.0,0.0,0.0,0.6777,0.7847,0.8622,0.862,0.8031,0.6984,0.593,0.5368,0.1113,0.4865,0.5588
14,0.0001,0.4582,0.0,0.0,0.0,0.0,0.0,0.0,0.0,0.0,0.0,0.0,0.0,0.6839,0.8025,0.8612,0.8604,0.8277,0.723,0.5929,0.5315,0.1372,0.5157,0.5754
15,0.0001,0.4519,0.0,0.0,0.0,0.0,0.0,0.0,0.0,0.0,0.0,0.0,0.0,0.6832,0.8019,0.8628,0.8622,0.8168,0.7112,0.592,0.5345,0.1692,0.5044,0.567
16,0.0001,0.4484,0.0,0.0,0.0,0.0,0.0,0.0,0.0,0.0,0.0,0.0,0.0,0.6771,0.7868,0.8634,0.8633,0.8033,0.7076,0.6142,0.54,0.1178,0.4873,0.5539
17,0.0001,0.4427,0.0,0.0,0.0,0.0,0.0,0.0,0.0,0.0,0.0,0.0,0.0,0.6656,0.7609,0.8656,0.8664,0.8067,0.6937,0.5823,0.5233,0.0459,0.467,0.5563
18,0.0001,0.4395,0.0,0.0,0.0,0.0,0.0,0.0,0.0,0.0,0.0,0.0,0.0,0.6673,0.766,0.8663,0.8666,0.7966,0.6944,0.5793,0.5128,0.0714,0.4694,0.549
19,0.0001,0.4358,0.0,0.0,0.0,0.0,0.0,0.0,0.0,0.0,0.0,0.0,0.0,0.6606,0.7517,0.8675,0.8671,0.7782,0.666,0.5908,0.5265,-0.0124,0.4439,0.544
20,0.0001,0.4315,0.0,0.0,0.0,0.0,0.0,0.0,0.0,0.0,0.0,0.0,0.0,0.6646,0.7553,0.8668,0.8663,0.7836,0.669,0.5776,0.52,-0.011,0.447,0.5466
21,0.0001,0.4291,0.0,0.0,0.0,0.0,0.0,0.0,0.0,0.0,0.0,0.0,0.0,0.6642,0.7626,0.8664,0.8664,0.7604,0.6622,0.5951,0.5371,0.0813,0.4474,0.5329
22,0.0001,0.4244,0.0,0.0,0.0,0.0,0.0,0.0,0.0,0.0,0.0,0.0,0.0,0.6939,0.8222,0.866,0.867,0.8082,0.6968,0.624,0.572,0.2666,0.5263,0.567
23,0.0001,0.4204,0.0,0.0,0.0,0.0,0.0,0.0,0.0,0.0,0.0,0.0,0.0,0.6689,0.7714,0.8678,0.8676,0.7752,0.6776,0.6225,0.5592,0.1421,0.4562,0.5352
24,0.0001,0.4171,0.0,0.0,0.0,0.0,0.0,0.0,0.0,0.0,0.0,0.0,0.0,0.6527,0.7324,0.8713,0.8712,0.778,0.6798,0.619,0.5604,0.0327,0.4415,0.5332
25,0.0001,0.4157,0.0,0.0,0.0,0.0,0.0,0.0,0.0,0.0,0.0,0.0,0.0,0.6604,0.7522,0.8689,0.8699,0.7552,0.6739,0.6098,0.5432,0.0091,0.4252,0.5224
26,0.0001,0.4118,0.0,0.0,0.0,0.0,0.0,0.0,0.0,0.0,0.0,0.0,0.0,0.6566,0.7455,0.8691,0.8684,0.7655,0.6641,0.6099,0.5557,0.0284,0.4397,0.5316
27,0.0001,0.4074,0.0,0.0,0.0,0.0,0.0,0.0,0.0,0.0,0.0,0.0,0.0,0.659,0.749,0.8711,0.8709,0.7581,0.6811,0.6458,0.5882,0.1266,0.4321,0.524
28,0.0001,0.403,0.0,0.0,0.0,0.0,0.0,0.0,0.0,0.0,0.0,0.0,0.0,0.6567,0.7455,0.8698,0.8695,0.7534,0.66,0.6433,0.583,0.0716,0.425,0.5234
29,0.0001,0.4017,0.0,0.0,0.0,0.0,0.0,0.0,0.0,0.0,0.0,0.0,0.0,0.6677,0.7672,0.8686,0.8693,0.7614,0.6656,0.6336,0.5826,0.1645,0.4508,0.5307
30,0.0001,0.3998,0.0,0.0,0.0,0.0,0.0,0.0,0.0,0.0,0.0,0.0,0.0,0.6488,0.7284,0.8721,0.8717,0.765,0.6576,0.6509,0.5941,0.0269,0.4408,0.5288
31,0.0001,0.3957,0.0,0.0,0.0,0.0,0.0,0.0,0.0,0.0,0.0,0.0,0.0,0.6538,0.738,0.87,0.8699,0.7552,0.6851,0.6412,0.5804,0.0576,0.4379,0.5271
32,0.0001,0.394,0.0,0.0,0.0,0.0,0.0,0.0,0.0,0.0,0.0,0.0,0.0,0.6649,0.7577,0.8705,0.8703,0.77,0.6552,0.6278,0.5756,0.0857,0.4609,0.5326
33,0.0001,0.3919,0.0,0.0,0.0,0.0,0.0,0.0,0.0,0.0,0.0,0.0,0.0,0.6512,0.7361,0.8702,0.871,0.7648,0.6723,0.6194,0.5587,-0.0335,0.4403,0.5328
34,0.0001,0.3895,0.0,0.0,0.0,0.0,0.0,0.0,0.0,0.0,0.0,0.0,0.0,0.6487,0.7361,0.8719,0.8723,0.756,0.6603,0.6344,0.5819,0.1027,0.4369,0.5226
35,0.0001,0.3885,0.0,0.0,0.0,0.0,0.0,0.0,0.0,0.0,0.0,0.0,0.0,0.6488,0.7363,0.8721,0.872,0.77,0.6683,0.6294,0.5688,0.0223,0.4457,0.5282
36,0.0001,0.3857,0.0,0.0,0.0,0.0,0.0,0.0,0.0,0.0,0.0,0.0,0.0,0.652,0.7359,0.8726,0.8731,0.7734,0.6825,0.6491,0.5932,0.0358,0.4378,0.5291
37,0.0001,0.3813,0.0,0.0,0.0,0.0,0.0,0.0,0.0,0.0,0.0,0.0,0.0,0.6483,0.7272,0.8731,0.8732,0.7691,0.6585,0.636,0.5871,0.1045,0.4398,0.5256
38,0.0001,0.3799,0.0,0.0,0.0,0.0,0.0,0.0,0.0,0.0,0.0,0.0,0.0,0.6475,0.7329,0.8725,0.8722,0.7445,0.6612,0.6395,0.5777,0.0248,0.4217,0.5137
39,0.0001,0.3777,0.0,0.0,0.0,0.0,0.0,0.0,0.0,0.0,0.0,0.0,0.0,0.642,0.7268,0.8729,0.8735,0.7353,0.6469,0.6317,0.5674,0.0135,0.4066,0.5091
40,0.0001,0.3773,0.0,0.0,0.0,0.0,0.0,0.0,0.0,0.0,0.0,0.0,0.0,0.6497,0.7245,0.8733,0.8733,0.7479,0.6484,0.6492,0.5876,-0.0445,0.4304,0.5187
41,0.0001,0.3731,0.0,0.0,0.0,0.0,0.0,0.0,0.0,0.0,0.0,0.0,0.0,0.645,0.7261,0.8737,0.8748,0.7541,0.6674,0.6405,0.583,0.0461,0.4282,0.518
42,0.0001,0.3714,0.0,0.0,0.0,0.0,0.0,0.0,0.0,0.0,0.0,0.0,0.0,0.645,0.7247,0.8736,0.8739,0.7536,0.6547,0.6433,0.5841,0.0089,0.4373,0.5151
43,0.0001,0.3701,0.0,0.0,0.0,0.0,0.0,0.0,0.0,0.0,0.0,0.0,0.0,0.6424,0.7194,0.8747,0.875,0.7454,0.636,0.6633,0.6114,0.0547,0.4259,0.5125
44,0.0001,0.3676,0.0,0.0,0.0,0.0,0.0,0.0,0.0,0.0,0.0,0.0,0.0,0.647,0.7264,0.8743,0.8745,0.7345,0.6506,0.6408,0.5795,0.0979,0.4247,0.5062
45,0.0001,0.364,0.0,0.0,0.0,0.0,0.0,0.0,0.0,0.0,0.0,0.0,0.0,0.6405,0.7144,0.8751,0.8756,0.7595,0.6508,0.6607,0.6051,-0.0121,0.4331,0.5223
46,0.0001,0.3628,0.0,0.0,0.0,0.0,0.0,0.0,0.0,0.0,0.0,0.0,0.0,0.6414,0.7105,0.8754,0.8757,0.7511,0.6526,0.6582,0.6001,-0.0439,0.4286,0.5217
47,0.0001,0.361,0.0,0.0,0.0,0.0,0.0,0.0,0.0,0.0,0.0,0.0,0.0,0.6443,0.7233,0.8736,0.8734,0.749,0.6469,0.6699,0.6181,0.0612,0.4237,0.5123
48,0.0001,0.3601,0.0,0.0,0.0,0.0,0.0,0.0,0.0,0.0,0.0,0.0,0.0,0.6411,0.7193,0.8746,0.8752,0.7424,0.6406,0.6391,0.5807,-0.0074,0.4137,0.5094
49,0.0001,0.3576,0.0,0.0,0.0,0.0,0.0,0.0,0.0,0.0,0.0,0.0,0.0,0.6394,0.7144,0.8747,0.8754,0.7414,0.6507,0.6494,0.5962,0.0181,0.4107,0.5111
50,0.0001,0.3558,0.0,0.0,0.0,0.0,0.0,0.0,0.0,0.0,0.0,0.0,0.0,0.6483,0.729,0.8747,0.8748,0.7661,0.6668,0.6373,0.5858,0.0617,0.443,0.5224
51,0.0001,0.3546,0.0,0.0,0.0,0.0,0.0,0.0,0.0,0.0,0.0,0.0,0.0,0.6503,0.7411,0.8736,0.8744,0.7523,0.6415,0.6396,0.5924,0.1058,0.4329,0.5133
52,0.0,0.353,0.0,0.0,0.0,0.0,0.0,0.0,0.0,0.0,0.0,0.0,0.0,0.6461,0.729,0.8741,0.8742,0.7349,0.641,0.6489,0.5873,0.0612,0.4229,0.5057
53,0.0,0.3507,0.0,0.0,0.0,0.0,0.0,0.0,0.0,0.0,0.0,0.0,0.0,0.6442,0.7253,0.8748,0.875,0.7437,0.654,0.6451,0.5925,0.0614,0.42,0.5098
54,0.0,0.3499,0.0,0.0,0.0,0.0,0.0,0.0,0.0,0.0,0.0,0.0,0.0,0.641,0.7214,0.8739,0.8749,0.754,0.651,0.6474,0.5932,0.0024,0.4289,0.516
55,0.0,0.3474,0.0,0.0,0.0,0.0,0.0,0.0,0.0,0.0,0.0,0.0,0.0,0.6454,0.7257,0.874,0.8744,0.7435,0.6505,0.6381,0.5891,0.0643,0.4179,0.5117
56,0.0,0.3459,0.0,0.0,0.0,0.0,0.0,0.0,0.0,0.0,0.0,0.0,0.0,0.6411,0.7178,0.8748,0.8755,0.7462,0.6541,0.6511,0.5911,0.0338,0.41,0.5108
57,0.0,0.344,0.0,0.0,0.0,0.0,0.0,0.0,0.0,0.0,0.0,0.0,0.0,0.6426,0.7216,0.8744,0.8746,0.7549,0.6546,0.6453,0.5903,0.0168,0.4241,0.5182
58,0.0,0.3432,0.0,0.0,0.0,0.0,0.0,0.0,0.0,0.0,0.0,0.0,0.0,0.6401,0.7138,0.8752,0.8756,0.7443,0.6361,0.6488,0.5902,-0.0024,0.4212,0.5108
59,0.0,0.3411,0.0,0.0,0.0,0.0,0.0,0.0,0.0,0.0,0.0,0.0,0.0,0.6421,0.7268,0.8742,0.8747,0.7298,0.6375,0.6449,0.5918,0.0346,0.4035,0.5002
60,0.0,0.3393,0.0,0.0,0.0,0.0,0.0,0.0,0.0,0.0,0.0,0.0,0.0,0.6394,0.7153,0.8757,0.8765,0.7373,0.6446,0.6358,0.5829,0.0381,0.4029,0.5043
61,0.0,0.3375,0.0,0.0,0.0,0.0,0.0,0.0,0.0,0.0,0.0,0.0,0.0,0.6373,0.7105,0.876,0.8763,0.7385,0.6491,0.6409,0.5908,-0.0034,0.4101,0.5041
62,0.0,0.3383,0.0,0.0,0.0,0.0,0.0,0.0,0.0,0.0,0.0,0.0,0.0,0.6388,0.7191,0.8746,0.8752,0.7405,0.6416,0.6468,0.5913,-0.006,0.411,0.5072
63,0.0,0.3362,0.0,0.0,0.0,0.0,0.0,0.0,0.0,0.0,0.0,0.0,0.0,0.6412,0.7198,0.8746,0.8758,0.7421,0.6572,0.6431,0.588,0.0434,0.4151,0.5082
64,0.0,0.3349,0.0,0.0,0.0,0.0,0.0,0.0,0.0,0.0,0.0,0.0,0.0,0.6383,0.7167,0.8751,0.8757,0.744,0.6522,0.645,0.5891,0.0357,0.4246,0.5071
65,0.0,0.3331,0.0,0.0,0.0,0.0,0.0,0.0,0.0,0.0,0.0,0.0,0.0,0.6427,0.7259,0.8747,0.8754,0.7382,0.6495,0.6485,0.5887,0.0584,0.4145,0.5047
66,0.0,0.3317,0.0,0.0,0.0,0.0,0.0,0.0,0.0,0.0,0.0,0.0,0.0,0.6422,0.7208,0.8755,0.8761,0.7376,0.6453,0.6561,0.6026,0.0651,0.4122,0.5056
67,0.0,0.3314,0.0,0.0,0.0,0.0,0.0,0.0,0.0,0.0,0.0,0.0,0.0,0.6392,0.7153,0.8743,0.8749,0.7505,0.6521,0.6458,0.5929,-0.0208,0.426,0.5139
68,0.0,0.3302,0.0,0.0,0.0,0.0,0.0,0.0,0.0,0.0,0.0,0.0,0.0,0.6449,0.7302,0.8743,0.8747,0.738,0.6489,0.6508,0.5911,0.0629,0.4137,0.506
69,0.0,0.3292,0.0,0.0,0.0,0.0,0.0,0.0,0.0,0.0,0.0,0.0,0.0,0.638,0.7154,0.8753,0.8762,0.7432,0.6506,0.6532,0.5951,0.0202,0.4123,0.508
70,0.0,0.3276,0.0,0.0,0.0,0.0,0.0,0.0,0.0,0.0,0.0,0.0,0.0,0.6402,0.7224,0.8748,0.8756,0.7429,0.6512,0.6473,0.5944,0.0146,0.4194,0.5088
71,0.0,0.3274,0.0,0.0,0.0,0.0,0.0,0.0,0.0,0.0,0.0,0.0,0.0,0.6373,0.713,0.8751,0.8755,0.7387,0.6462,0.6405,0.5865,-0.0051,0.4134,0.507
72,0.0,0.3254,0.0,0.0,0.0,0.0,0.0,0.0,0.0,0.0,0.0,0.0,0.0,0.6433,0.7263,0.8749,0.8756,0.7414,0.6492,0.658,0.6003,0.0472,0.4222,0.5076
73,0.0,0.3254,0.0,0.0,0.0,0.0,0.0,0.0,0.0,0.0,0.0,0.0,0.0,0.6372,0.7156,0.8754,0.8763,0.7424,0.6454,0.645,0.5933,0.0014,0.4167,0.5077
74,0.0,0.3242,0.0,0.0,0.0,0.0,0.0,0.0,0.0,0.0,0.0,0.0,0.0,0.644,0.7273,0.8751,0.876,0.7406,0.6488,0.6495,0.5972,0.0539,0.4241,0.5074
75,0.0,0.3227,0.0,0.0,0.0,0.0,0.0,0.0,0.0,0.0,0.0,0.0,0.0,0.6375,0.7151,0.8749,0.8755,0.7309,0.6452,0.6619,0.6091,0.0009,0.4074,0.5028
76,0.0,0.3219,0.0,0.0,0.0,0.0,0.0,0.0,0.0,0.0,0.0,0.0,0.0,0.6424,0.7244,0.8749,0.8757,0.7368,0.6453,0.6598,0.6047,0.0485,0.4186,0.5064
77,0.0,0.3212,0.0,0.0,0.0,0.0,0.0,0.0,0.0,0.0,0.0,0.0,0.0,0.639,0.7187,0.8748,0.8755,0.742,0.6485,0.6621,0.608,-0.0019,0.4194,0.5087
78,0.0,0.3204,0.0,0.0,0.0,0.0,0.0,0.0,0.0,0.0,0.0,0.0,0.0,0.6384,0.717,0.8751,0.876,0.7361,0.6471,0.6653,0.6069,0.0196,0.4117,0.5047
79,0.0,0.3198,0.0,0.0,0.0,0.0,0.0,0.0,0.0,0.0,0.0,0.0,0.0,0.6391,0.7203,0.8748,0.8755,0.7452,0.6445,0.6609,0.6061,0.0104,0.4207,0.509
80,0.0,0.3189,0.0,0.0,0.0,0.0,0.0,0.0,0.0,0.0,0.0,0.0,0.0,0.639,0.7209,0.8749,0.8758,0.7379,0.644,0.6589,0.6035,0.026,0.4146,0.5057
81,0.0,0.3185,0.0,0.0,0.0,0.0,0.0,0.0,0.0,0.0,0.0,0.0,0.0,0.6415,0.7251,0.8753,0.8761,0.7398,0.6507,0.6447,0.5902,0.0442,0.423,0.5068
82,0.0,0.3172,0.0,0.0,0.0,0.0,0.0,0.0,0.0,0.0,0.0,0.0,0.0,0.6372,0.7163,0.8755,0.8764,0.739,0.6467,0.6564,0.6033,0.0233,0.4156,0.5065
83,0.0,0.3168,0.0,0.0,0.0,0.0,0.0,0.0,0.0,0.0,0.0,0.0,0.0,0.6413,0.7241,0.875,0.8758,0.7399,0.6473,0.6598,0.6034,0.034,0.4181,0.5065
84,0.0,0.3163,0.0,0.0,0.0,0.0,0.0,0.0,0.0,0.0,0.0,0.0,0.0,0.6375,0.7181,0.8749,0.8756,0.7365,0.6443,0.6468,0.5877,0.0042,0.4124,0.5058
85,0.0,0.3157,0.0,0.0,0.0,0.0,0.0,0.0,0.0,0.0,0.0,0.0,0.0,0.6395,0.7197,0.8752,0.8761,0.7388,0.645,0.6427,0.5841,0.0178,0.4166,0.5071
86,0.0,0.315,0.0,0.0,0.0,0.0,0.0,0.0,0.0,0.0,0.0,0.0,0.0,0.6368,0.7162,0.8752,0.876,0.7376,0.6444,0.661,0.6048,0.0031,0.4123,0.5061
87,0.0,0.3153,0.0,0.0,0.0,0.0,0.0,0.0,0.0,0.0,0.0,0.0,0.0,0.6405,0.7219,0.8752,0.876,0.7419,0.6452,0.6601,0.6086,0.0357,0.4191,0.5078
88,0.0,0.3145,0.0,0.0,0.0,0.0,0.0,0.0,0.0,0.0,0.0,0.0,0.0,0.638,0.7181,0.875,0.8759,0.74,0.6449,0.6453,0.5938,0.0079,0.4165,0.5075
89,0.0,0.3147,0.0,0.0,0.0,0.0,0.0,0.0,0.0,0.0,0.0,0.0,0.0,0.639,0.7202,0.8749,0.8757,0.7414,0.6446,0.6448,0.595,0.0173,0.4182,0.5076
90,0.0,0.3137,0.0,0.0,0.0,0.0,0.0,0.0,0.0,0.0,0.0,0.0,0.0,0.6374,0.7171,0.8751,0.876,0.7379,0.6437,0.6609,0.6098,0.0091,0.4153,0.5065
91,0.0,0.3135,0.0,0.0,0.0,0.0,0.0,0.0,0.0,0.0,0.0,0.0,0.0,0.6373,0.7169,0.8751,0.876,0.74,0.6447,0.6608,0.6095,-0.0017,0.416,0.5077
92,0.0,0.3131,0.0,0.0,0.0,0.0,0.0,0.0,0.0,0.0,0.0,0.0,0.0,0.6379,0.7178,0.875,0.876,0.7407,0.6437,0.6454,0.5957,0.0091,0.4165,0.5078
93,0.0,0.3122,0.0,0.0,0.0,0.0,0.0,0.0,0.0,0.0,0.0,0.0,0.0,0.6396,0.7213,0.875,0.8761,0.7389,0.6446,0.6464,0.5941,0.0294,0.4164,0.5067
94,0.0,0.3125,0.0,0.0,0.0,0.0,0.0,0.0,0.0,0.0,0.0,0.0,0.0,0.6379,0.7177,0.8752,0.8761,0.7385,0.6441,0.6464,0.591,0.0076,0.4133,0.5064
95,0.0,0.312,0.0,0.0,0.0,0.0,0.0,0.0,0.0,0.0,0.0,0.0,0.0,0.6389,0.7194,0.8751,0.876,0.7391,0.6436,0.6466,0.5915,0.0188,0.4148,0.507
96,0.0,0.3118,0.0,0.0,0.0,0.0,0.0,0.0,0.0,0.0,0.0,0.0,0.0,0.638,0.7186,0.875,0.8759,0.7395,0.6448,0.6462,0.5921,0.0095,0.4146,0.5073
97,0.0,0.3114,0.0,0.0,0.0,0.0,0.0,0.0,0.0,0.0,0.0,0.0,0.0,0.6386,0.7195,0.875,0.8759,0.7395,0.6447,0.6463,0.5942,0.0116,0.4152,0.5072
98,0.0,0.3115,0.0,0.0,0.0,0.0,0.0,0.0,0.0,0.0,0.0,0.0,0.0,0.6385,0.7195,0.8751,0.8759,0.739,0.6443,0.6461,0.5937,0.0117,0.4147,0.5069
99,0.0,0.3122,0.0,0.0,0.0,0.0,0.0,0.0,0.0,0.0,0.0,0.0,0.0,0.6379,0.718,0.8751,0.876,0.7388,0.6443,0.6603,0.6086,0.0083,0.414,0.5069
100,0.0,0.3112,0.0,0.0,0.0,0.0,0.0,0.0,0.0,0.0,0.0,0.0,0.0,0.6387,0.7197,0.8751,0.8759,0.739,0.6443,0.646,0.5911,0.0152,0.4152,0.5069
